{"cameraMode":{"drawMode":0,"name":"Shaded","section":"Shading Mode"},"sceneLighting":true,"audioPlay":false,"sceneViewState":{"m_AlwaysRefresh":false,"showFog":true,"showSkybox":true,"showFlares":true,"showImageEffects":true,"showParticleSystems":true,"showVisualEffectGraphs":true,"m_FxEnabled":true},"in2DMode":false,"pivot":{"x":0.030880725011229516,"y":0.8434242010116577,"z":-0.047374505549669269},"rotation":{"x":0.0007922927034087479,"y":0.7490367889404297,"z":0.0008908497984521091,"w":-0.6625432968139648},"size":1.8877662420272828,"orthographic":false}